{"stats":{"minecraft:used":{"minecraft:redstone_torch":14,"minecraft:sticky_piston":111,"minecraft:honey_block":44,"minecraft:writable_book":1,"minecraft:cyan_terracotta":113,"minecraft:red_sand":1,"minecraft:birch_fence_gate":13,"minecraft:crying_obsidian":14,"minecraft:dropper":3,"minecraft:flint_and_steel":5,"minecraft:command_block":1,"minecraft:slime_block":42,"minecraft:dark_oak_sign":17,"minecraft:iron_block":156,"minecraft:grass_block":1,"minecraft:lime_wool":45,"minecraft:redstone":137,"minecraft:prismarine":1,"minecraft:ladder":1,"minecraft:stone_button":32,"minecraft:orange_tulip":1,"minecraft:cactus":1,"minecraft:sandstone":42,"minecraft:redstone_block":128,"minecraft:lime_dye":11,"minecraft:sculk_sensor":4,"minecraft:item_frame":12,"minecraft:smooth_quartz_stairs":11,"minecraft:bedrock":51,"minecraft:repeater":20,"minecraft:redstone_lamp":77,"minecraft:mangrove_trapdoor":2,"minecraft:scaffolding":11,"minecraft:tnt":9,"minecraft:warped_fence_gate":12,"minecraft:repeating_command_block":1,"minecraft:note_block":1,"minecraft:observer":1094,"minecraft:oak_fence_gate":2,"minecraft:lime_glazed_terracotta":20},"minecraft:custom":{"minecraft:time_since_rest":28891,"minecraft:sprint_one_cm":2884,"minecraft:inspect_dropper":4,"minecraft:walk_one_cm":77540,"minecraft:drop":20,"minecraft:fly_one_cm":1155060,"minecraft:crouch_one_cm":3185,"minecraft:play_time":239162,"minecraft:deaths":2,"minecraft:sneak_time":8555,"minecraft:jump":206,"minecraft:leave_game":14,"minecraft:time_since_death":28842,"minecraft:total_world_time":300160},"minecraft:picked_up":{"minecraft:scaffolding":8,"minecraft:redstone_block":1093,"minecraft:repeater":6,"minecraft:filled_map":1,"minecraft:birch_button":2,"minecraft:stone_button":4,"minecraft:redstone":9,"minecraft:crying_obsidian":1,"minecraft:flint_and_steel":1,"minecraft:item_frame":1,"minecraft:writable_book":1,"minecraft:iron_block":1,"minecraft:dark_oak_sign":4,"minecraft:redstone_torch":3,"minecraft:observer":7},"minecraft:dropped":{"minecraft:cyan_terracotta":1,"minecraft:iron_block":1,"minecraft:repeater":3,"minecraft:writable_book":1,"minecraft:observer":8,"minecraft:crying_obsidian":1,"minecraft:redstone_block":3,"minecraft:flint_and_steel":1,"minecraft:redstone":4}},"DataVersion":3337}