{"stats":{"minecraft:used":{"minecraft:oak_trapdoor":8,"minecraft:damaged_anvil":2,"minecraft:writable_book":3,"minecraft:red_sand":1,"minecraft:dropper":3,"minecraft:flint_and_steel":4,"minecraft:armor_stand":5,"minecraft:prismarine":1,"minecraft:redstone":281,"minecraft:dark_oak_sign":17,"minecraft:lime_wool":68,"minecraft:ladder":1,"minecraft:oak_sign":75,"minecraft:orange_tulip":1,"minecraft:cactus":1,"minecraft:white_terracotta":8,"minecraft:sandstone":109,"minecraft:stone":63,"minecraft:redstone_block":541,"minecraft:structure_void":15,"minecraft:warped_sign":7,"minecraft:sculk_sensor":4,"minecraft:smooth_quartz_stairs":11,"minecraft:polished_blackstone_pressure_plate":28,"minecraft:mangrove_trapdoor":2,"minecraft:comparator":8,"minecraft:oak_slab":14,"minecraft:orange_wool":148,"minecraft:note_block":1,"minecraft:oak_fence_gate":2,"minecraft:black_terracotta":1,"minecraft:glass":78,"minecraft:sticky_piston":164,"minecraft:redstone_torch":18,"minecraft:lever":1,"minecraft:honey_block":44,"minecraft:black_concrete":555,"minecraft:cyan_terracotta":555,"minecraft:birch_fence_gate":12,"minecraft:crying_obsidian":14,"minecraft:red_wool":18,"minecraft:iron_block":156,"minecraft:command_block":156,"minecraft:heavy_weighted_pressure_plate":1,"minecraft:grass_block":1,"minecraft:light_weighted_pressure_plate":3,"minecraft:slime_block":56,"minecraft:oak_button":2,"minecraft:barrier":17,"minecraft:stone_button":32,"minecraft:quartz_block":105,"minecraft:lectern":1,"minecraft:oak_pressure_plate":501,"minecraft:lime_dye":11,"minecraft:item_frame":12,"minecraft:repeater":68,"minecraft:redstone_lamp":145,"minecraft:magenta_wool":3,"minecraft:gray_glazed_terracotta":10,"minecraft:scaffolding":11,"minecraft:warped_fence_gate":12,"minecraft:chain_command_block":24,"minecraft:repeating_command_block":4,"minecraft:observer":2547,"minecraft:purple_wool":14,"minecraft:gray_stained_glass":1,"minecraft:lime_glazed_terracotta":20},"minecraft:custom":{"minecraft:inspect_dropper":4,"minecraft:interact_with_anvil":3,"minecraft:leave_game":25,"minecraft:time_since_death":315350,"minecraft:time_since_rest":315370,"minecraft:sprint_one_cm":43500,"minecraft:damage_taken":200,"minecraft:walk_one_cm":384065,"minecraft:drop":36,"minecraft:fly_one_cm":4191594,"minecraft:crouch_one_cm":15456,"minecraft:play_time":727899,"minecraft:deaths":2,"minecraft:sneak_time":33261,"minecraft:interact_with_lectern":1,"minecraft:jump":1003,"minecraft:total_world_time":926616,"minecraft:fall_one_cm":2536},"minecraft:picked_up":{"minecraft:wooden_axe":3,"minecraft:barrier":3,"minecraft:redstone_block":1095,"minecraft:repeater":6,"minecraft:redstone_lamp":1,"minecraft:filled_map":5,"minecraft:birch_button":2,"minecraft:oak_trapdoor":2,"minecraft:flint_and_steel":1,"minecraft:armor_stand":2,"minecraft:item_frame":2,"minecraft:sticky_piston":331,"minecraft:oak_sign":7,"minecraft:comparator":9,"minecraft:dark_oak_sign":4,"minecraft:redstone_torch":5,"minecraft:observer":13,"minecraft:scaffolding":8,"minecraft:oak_slab":2,"minecraft:sandstone":2,"minecraft:chain_command_block":7,"minecraft:oak_pressure_plate":7,"minecraft:stone_button":5,"minecraft:redstone":436,"minecraft:crying_obsidian":1,"minecraft:orange_wool":1,"minecraft:command_block":8,"minecraft:slime_block":1,"minecraft:polished_blackstone_pressure_plate":398,"minecraft:writable_book":1,"minecraft:iron_block":1,"minecraft:cyan_terracotta":2,"minecraft:warped_sign":2,"minecraft:oak_button":1,"minecraft:white_terracotta":1},"minecraft:dropped":{"minecraft:barrier":1,"minecraft:observer":12,"minecraft:command_block":2,"minecraft:orange_wool":1,"minecraft:flint_and_steel":1,"minecraft:item_frame":1,"minecraft:filled_map":4,"minecraft:cyan_terracotta":1,"minecraft:iron_block":1,"minecraft:polished_blackstone_pressure_plate":2,"minecraft:repeater":3,"minecraft:wooden_axe":1,"minecraft:writable_book":1,"minecraft:chain_command_block":1,"minecraft:crying_obsidian":1,"minecraft:redstone_block":3,"minecraft:redstone":3}},"DataVersion":3337}